AccountNumber, InBound, DiffAggAvg, MinSd, MaxSd, AggAmount, AvgAmountPercentageIncrease, FP
5678,FALSE,89804.8606063302,25272.881063119,126364.405315595,1e+05,20390.2787873397,Yes
5678,FALSE,100000,50000,150000,1e+07,30000,No
5678,FALSE,89804.8606063302,25272.881063119,126364.405315595,1e+05,20390.2787873397,Yes
5678,FALSE,89804.8606063302,25272.881063119,126364.405315595,1e+05,20390.2787873397,Yes
5678,FALSE,9989804.86060633,2539875.18630492,12699375.9315246,1e+07,20390.2787873397,No
5678,FALSE,9989804.86060633,2539875.18630492,12699375.9315246,1e+07,20390.2787873397,No
